<?xml version="1.0" encoding="UTF-8"?>
<beans xmlns="http://www.springframework.org/schema/beans"
       xmlns:xsi="http://www.w3.org/2001/XMLSchema-instance"
       xmlns:context="http://www.springframework.org/schema/context"
       xsi:schemaLocation="http://www.springframework.org/schema/beans
       http://www.springframework.org/schema/beans/spring-beans.xsd
       http://www.springframework.org/schema/context
       http://www.springframework.org/schema/context/spring-context.xsd">

    <!--引入redis配置文件的一些基本信息-->
    <bean id="poolConfig" class="redis.clients.jedis.JedisPoolConfig">
        <property name="maxIdle" value="${redis.maxIdle}"/>
        <property name="maxTotal" value="${redis.maxActive}"/>
        <property name="maxWaitMillis" value="${redis.maxWait}"/>
        <property name="testOnBorrow" value="${redis.testOnBorrow}"/>
    </bean>

    <!--主机的一些配置-->
    <bean id="sentinelConfiguration" class="org.springframework.data.redis.connection.RedisSentinelConfiguration">
        <!--哨兵主人的一些配置-->
        <property name="master">
            <bean class="org.springframework.data.redis.connection.RedisNode">
                <property name="name" value="${redis.sentinel.master}"/>
            </bean>
        </property>
        <!--哨兵的一些配置-->
        <property name="sentinels">
            <set>
                <!--主机哨兵的一些配置-->
                <bean class="org.springframework.data.redis.connection.RedisNode">
                    <constructor-arg name="host" value="${redis.sentinel1.host}"/>
                    <constructor-arg name="port" value="${redis.sentinel1.port}"/>
                </bean>
                <!--从机哨兵的一些配置-->
                <bean class="org.springframework.data.redis.connection.RedisNode">
                    <constructor-arg name="host" value="${redis.sentinel2.host}"/>
                    <constructor-arg name="port" value="${redis.sentinel2.port}"/>
                </bean>
            </set>
        </property>

    </bean>

    <!--配置一个jedis工厂-->
    <bean id="jedisConnectionFactory" class="org.springframework.data.redis.connection.jedis.JedisConnectionFactory">
        <!--是否使用这个池子-->
        <property name="usePool" value="true"/>
        <!--超时时间-->
        <property name="timeout" value="10000"/>
        <!--使用redis默认数据库-->
        <property name="database" value="0"/>
        <!--引入一个哨兵到工厂里面来-->
        <constructor-arg index="0" ref="sentinelConfiguration"/>
        <!--引入一个池子到工厂里面来-->
        <constructor-arg index="1" ref="poolConfig"/>
    </bean>

    <!--生产一个操作数据库的对象-->
    <bean id="redisTemplate" class="org.springframework.data.redis.core.StringRedisTemplate">
        <!--把redis工厂引入进来-->
        <property name="connectionFactory" ref="jedisConnectionFactory"/>
    </bean>
</beans>