<?xml version="1.0" encoding="UTF-8"?>
<beans xmlns="http://www.springframework.org/schema/beans"
       xmlns:xsi="http://www.w3.org/2001/XMLSchema-instance"
       xsi:schemaLocation="http://www.springframework.org/schema/beans
       http://www.springframework.org/schema/beans/spring-beans.xsd
       ">


    <!--配置c3p0连接池-->
    <bean id="dataSource" class="com.mchange.v2.c3p0.ComboPooledDataSource">
        <!--数据库连接基本信息-->
        <property name="driverClass" value="${db.driverclass}"/>
        <property name="jdbcUrl" value="${db.url}"/>
        <property name="user" value="${db.username}"/>
        <property name="password" value="${db.password}"/>
        <!--初始连接数量-->
        <property name="initialPoolSize" value="${db.initialPoolSize}"/>
        <!--最大连接数量-->
        <property name="maxPoolSize" value="${db.maxPoolSize}"/>
        <!--最小连接数量-->
        <property name="minPoolSize" value="${db.minPoolSize}"/>
    </bean>


    <!--配置sqlSessionFactory对象-->
    <bean name="sqlSessionFactory" class="org.mybatis.spring.SqlSessionFactoryBean">
        <!--引入数据库连接池配置文件-->
        <property name="dataSource" ref="dataSource"/>
        <!--引入mybatis总配置文件-->
        <property name="configLocation" value="classpath:config/mybatis-config.xml"/>
        <!--配置别名-->
        <property name="typeAliasesPackage" value="com.sg.domain"/>
    </bean>


    <!--配置mybatis扫描的映射文件-->
    <bean class="org.mybatis.spring.mapper.MapperScannerConfigurer">
        <property name="sqlSessionFactoryBeanName" value="sqlSessionFactory"/>
        <property name="basePackage" value="com.sg.dao"/>
    </bean>

</beans>